Wall time,Step,Value
1716223155.107469,1000,0.9216542315483093
1716230687.1950893,100000,0.9323177256584167
1716238299.5182562,200000,0.9431952414512634
1716245913.7862422,300000,0.9541477179527282
1716253533.587252,400000,0.9645382356643677
1716261424.2598538,500000,0.9704892745018005
1716269110.930263,600000,0.9723945498466492
1716272504.3263683,642801,0.9725303292274475
