Wall time,Step,Value
1716223155.1074398,1000,25.64596176147461
1716230687.1950622,100000,28.256716537475586
1716238299.518229,200000,29.678524017333984
1716245913.7862153,300000,30.015387496948242
1716253533.5872228,400000,30.097929000854492
1716261424.259827,500000,30.101057586669922
1716269110.9302363,600000,30.154458541870117
1716272504.3263376,642801,30.189677276611328
